"position","block","line","pop","survival","leaf","nod","plant_ID","shoot","root","choice","totalred","env","dataset","diss","flo","fru","flo_bin"
"A01","one","DE7","DE",1,75,53,"1-A01",300.3,57.9,NA,NA,"plot_1","KSR-field","Rebecca",0,0,0
"A03","two","FZ24","FZ",1,8,6,"1-A03",8.5,3.9,NA,NA,"plot_1","KSR-field","Simran",0,0,0
"A04","two","WT18","WT",1,54,32,"1-A04",150.3,82.6,NA,NA,"plot_1","KSR-field","not recoreded",0,0,0
"A06","two","FZ24","FZ",0,1,14,"1-A06",4.5,8.4,NA,NA,"plot_1","KSR-field","Andrea",0,0,0
"A07","one","HTR1","HTR",1,78,19,"1-A07",363.8,61.2,NA,NA,"plot_1","KSR-field","Rebecca",0,0,0
"A08","two","WT18","WT",1,72,39,"1-A08",174.3,62,NA,NA,"plot_1","KSR-field","Andrea and Jessica",0,0,0
"A09","one","KA7","KA",1,49,4,"1-A09",177,12.9,NA,NA,"plot_1","KSR-field","Simran",0,0,0
"A10","one","RBE17","RBE",1,2,21,"1-A10",NA,NA,NA,NA,"plot_1","KSR-field","Steffi",0,0,0
"A12","two","HTR30","HTR",1,9,1,"1-A12",8.6,5.1,NA,NA,"plot_1","KSR-field","Rebecca",0,0,0
"A13","one","FOR43","FOR",1,220,100,"1-A13",620.8,189.1,NA,NA,"plot_1","KSR-field","Andrea and Jessica",10,1,1
"A14","one","WR31","WR",1,64,53,"1-A14",122.3,45.2,NA,NA,"plot_1","KSR-field","Grant",0,0,0
"A16","one","RBE38","RBE",1,53,17,"1-A16",116.8,28.6,NA,NA,"plot_1","KSR-field","Grant",0,0,0
"B03","two","FZ24","FZ",1,14,11,"1-B03",46.9,33.2,NA,NA,"plot_1","KSR-field","Steffi",0,0,0
"B05","one","FOR15","FOR",1,212,48,"1-B05",754.5,140,NA,NA,"plot_1","KSR-field","Jing Qi",0,0,0
"B06","one","WT18","WT",1,21,29,"1-B06",82,26.6,NA,NA,"plot_1","KSR-field","Grant",0,0,0
"B07","one","WT18","WT",1,145,32,"1-B07",564.6,90.3,NA,NA,"plot_1","KSR-field","Andrea and Jessica",0,0,0
"B08","two","RBE38","RBE",1,22,5,"1-B08",25,13.7,NA,NA,"plot_1","KSR-field","Andrea and Jessica",0,0,0
"B09","one","RBE38","RBE",1,42,13,"1-B09",155.5,35.5,NA,NA,"plot_1","KSR-field","Steffi",0,0,0
"B10","one","HTR30","HTR",1,27,15,"1-B10",54.8,26.9,NA,NA,"plot_1","KSR-field","Steffi",0,0,0
"B12","one","FOR15","FOR",1,79,83,"1-B12",715,360.1,NA,NA,"plot_1","KSR-field","Andrea and Jessica",0,0,0
"B13","two","HTR30","HTR",1,25,20,"1-B13",178.6,70.4,NA,NA,"plot_1","KSR-field","Monika",0,0,0
"B14","one","AC15","AC",1,54,20,"1-B14",112.55,35.1,NA,NA,"plot_1","KSR-field","Rebecca",0,0,0
"C02","two","FOR26","FOR",1,1,8,"1-C02",17.3,109,NA,NA,"plot_1","KSR-field","Steffi",0,0,0
"C03","one","FOR26","FOR",1,31,14,"1-C03",49.8,23.9,NA,NA,"plot_1","KSR-field","Steffi",0,0,0
"C08","one","FZ24","FZ",1,180,66,"1-C08",467.2,114.8,NA,NA,"plot_1","KSR-field","Samriti",0,0,0
"C09","one","DE15","DE",1,27,9,"1-C09",61.1,23.1,NA,NA,"plot_1","KSR-field","Steffi",0,0,0
"C10","one","HTD2","HTD",1,81,19,"1-C10",232.4,39.9,NA,NA,"plot_1","KSR-field","Grant",0,0,0
"C12","one","KA7","KA",1,67,13,"1-C12",157.6,46.1,NA,NA,"plot_1","KSR-field","Steffi",0,1,0
"C13","one","KA24","KA",1,21,15,"1-C13",55.4,21.2,NA,NA,"plot_1","KSR-field","Rebecca",0,0,0
"C14","one","FOR43","FOR",1,159,63,"1-C14",429.8,106.3,NA,NA,"plot_1","KSR-field","Grant",0,1,0
"C15","one","FOR26","FOR",1,69,23,"1-C15",176.8,58.8,NA,NA,"plot_1","KSR-field","Samriti",0,0,0
"C16","one","HTR30","HTR",1,27,4,"1-C16",NA,NA,NA,NA,"plot_1","KSR-field","Madeline",0,0,0
"D01","one","KA16","KA",0,7,4,"1-D01",8.2,8,NA,NA,"plot_1","KSR-field","Steffi",0,0,0
"D02","one","FZ24","FZ",1,30,5,"1-D02",177.8,48.6,NA,NA,"plot_1","KSR-field","Steffi",0,0,0
"D03","two","RBE38","RBE",1,21,8,"1-D03",44,12.6,NA,NA,"plot_1","KSR-field","Rebecca",0,0,0
"D04","one","KA16","KA",1,42,24,"1-D04",117.9,29.3,NA,NA,"plot_1","KSR-field","Rebecca",0,0,0
"D05","one","FOR15","FOR",1,39,14,"1-D05",94.4,39.6,NA,NA,"plot_1","KSR-field","Jing Qi",0,0,0
"D06","one","AC3","AC",1,446,44,"1-D06",1304.7,220.3,NA,NA,"plot_1","KSR-field","Jing Qi",5,20,1
"D09","one","AC20","AC",1,121,18,"1-D09",335,74.2,NA,NA,"plot_1","KSR-field","Grant",0,0,0
"D13","one","WT18","WT",1,409,46,"1-D13",2029.4,241.4,NA,NA,"plot_1","KSR-field","Andrea and Jessica",0,7,0
"D15","two","WR40a","WR",0,8,7,"1-D15",11,8.3,NA,NA,"plot_1","KSR-field","Grant",0,0,0
"E03","one","FZ19","FZ",1,172,36,"1-E03",908.2,194.6,NA,NA,"plot_1","KSR-field","Steffi",4,22,1
"E04","two","WR40a","WR",1,34,5,"1-E04",7.5,13,NA,NA,"plot_1","KSR-field","Steffi",0,0,0
"E05","one","RBE34","RBE",1,90,45,"1-E05",262,68.9,NA,NA,"plot_1","KSR-field","Andrea",0,0,0
"E07","one","HTD2","HTD",1,217,66,"1-E07",655.6,147.5,NA,NA,"plot_1","KSR-field","Andrea and Jessica",0,11,0
"E08","one","FZ17","FZ",1,24,38,"1-E08",80.1,30.4,NA,NA,"plot_1","KSR-field","Grant",0,0,0
"E09","one","DE7","DE",1,17,52,"1-E09",86.9,65.8,NA,NA,"plot_1","KSR-field","Steffi",0,0,0
"E13","one","KA24","KA",1,54,122,"1-E13",90.5,56.2,NA,NA,"plot_1","KSR-field","Grant",0,0,0
"F02","two","FZ24","FZ",1,12,20,"1-F02",24.3,12.8,NA,NA,"plot_1","KSR-field","Rebecca",0,0,0
"F04","one","WT18","WT",1,111,57,"1-F04",605.8,153.6,NA,NA,"plot_1","KSR-field","Steffi",0,0,0
"F05","two","RBE34","RBE",1,27,23,"1-F05",72.1,33,NA,NA,"plot_1","KSR-field","Rebecca",0,0,0
"F07","one","HTD28","HTD",1,33,14,"1-F07",116,22.3,NA,NA,"plot_1","KSR-field","Rebecca",0,0,0
"F08","one","FZ24","FZ",1,372,178,"1-F08",1039.3,225.1,NA,NA,"plot_1","KSR-field","Grant",6,20,1
"F10","one","FZ19","FZ",1,38,72,"1-F10",166.7,151.3,NA,NA,"plot_1","KSR-field","Steffi",0,0,0
"F13","one","WT18","WT",1,3,5,"1-F13",63.3,21.5,NA,NA,"plot_1","KSR-field","Samriti",0,0,0
"F14","one","HTR30","HTR",1,6,25,"1-F14",56.4,17.5,NA,NA,"plot_1","KSR-field","Simran",0,0,0
"F16","two","WR40a","WR",1,60,17,"1-F16",93.5,45.8,NA,NA,"plot_1","KSR-field","Samriti",0,0,0
"G16","one","RBE17","RBE",0,12,7,"1-G16",4.5,1.9,NA,NA,"plot_1","KSR-field","Grant",0,0,0
"H04","two","FOR26","FOR",1,18,13,"1-H04",50.7,35.6,NA,NA,"plot_1","KSR-field","Rebecca",0,0,0
"H08","one","FZ24","FZ",1,93,37,"1-H08",248.1,59.5,NA,NA,"plot_1","KSR-field","Andrea and Jessica",0,0,0
"H09","one","HTD2","HTD",1,72,5,"1-H09",129.8,20.3,NA,NA,"plot_1","KSR-field","Rebecca",0,0,0
"H12","one","RBE17","RBE",1,151,61,"1-H12",359.3,99.8,NA,NA,"plot_1","KSR-field","Grant",1,1,1
"H13","two","WR31","WR",1,12,34,"1-H13",40.8,24.8,NA,NA,"plot_1","KSR-field","Rebecca",0,0,0
"H14","one","HTR1","HTR",1,68,28,"1-H14",132.1,38.9,NA,NA,"plot_1","KSR-field","Grant",0,0,0
"H16","one","HTR25","HTR",1,37,13,"1-H16",65.7,20.2,NA,NA,"plot_1","KSR-field","Andrea and Jessica",0,0,0
"I03","two","WR40a","WR",1,6,18,"1-I03",18.9,21.2,NA,NA,"plot_1","KSR-field","Grant",0,0,0
"I04","two","WT18","WT",0,26,51,"1-I04",64.3,30.9,NA,NA,"plot_1","KSR-field","Grant",0,0,0
"I06","one","AC15","AC",1,66,3,"1-I06",380.5,52.5,NA,NA,"plot_1","KSR-field","Jing Qi",4,21,1
"I08","one","KA7","KA",1,75,28,"1-I08",213.5,66,NA,NA,"plot_1","KSR-field","Andrea and Jessica",0,6,0
"I13","one","HTD28","HTD",1,111,53,"1-I13",329.5,124.9,NA,NA,"plot_1","KSR-field","Andrea and Jessica",0,0,0
"I14","one","FZ17","FZ",1,254,162,"1-I14",1260.1,155.2,NA,NA,"plot_1","KSR-field","Grant",7,14,1
"J01","one","KA7","KA",1,21,11,"1-J01",100.3,21.9,NA,NA,"plot_1","KSR-field","Rebecca",0,0,0
"J03","two","FOR15","FOR",1,12,24,"1-J03",78.2,31.4,NA,NA,"plot_1","KSR-field","Rebecca",0,0,0
"J05","one","FZ24","FZ",1,145,11,"1-J05",434.6,116.5,NA,NA,"plot_1","KSR-field","Jing Qi",1,0,1
"J07","one","DU17","DU",1,51,21,"1-J07",235.1,59.4,NA,NA,"plot_1","KSR-field","Rebecca",0,0,0
"J08","one","AC3","AC",1,139,85,"1-J08",379.7,146.2,NA,NA,"plot_1","KSR-field","Andrea and Jessica",0,4,0
"J10","one","DE7","DE",1,30,30,"1-J10",141.3,72.4,NA,NA,"plot_1","KSR-field","Andrea and Jessica",0,0,0
"J12","one","AC15","AC",1,39,19,"1-J12",836.9,72.9,NA,NA,"plot_1","KSR-field","Monika",5,10,1
"J13","two","WR31","WR",1,15,8,"1-J13",24.3,14.5,NA,NA,"plot_1","KSR-field","Steffi",0,0,0
"J15","one","WR31","WR",1,91,95,"1-J15",305.8,63.5,NA,NA,"plot_1","KSR-field","Grant",4,7,1
"J16","one","RBE34","RBE",1,425,341,"1-J16",NA,NA,NA,NA,"plot_1","KSR-field","Grant",0,12,0
"J17","two","AC3","AC",1,30,25,"1-J17",70.5,19.6,NA,NA,"plot_1","KSR-field","Rebecca",0,0,0
"K04","one","KA16","KA",1,53,20,"1-K04",101.1,38.5,NA,NA,"plot_1","KSR-field","Andrea",0,0,0
"K06","one","WT30","WT",1,27,34,"1-K06",139,43.15,NA,NA,"plot_1","KSR-field","Rebecca",0,0,0
"K07","one","FZ19","FZ",1,54,48,"1-K07",195.9,52.5,NA,NA,"plot_1","KSR-field","Rebecca",0,0,0
"K08","one","KA24","KA",1,98,31,"1-K08",271.9,76.3,NA,NA,"plot_1","KSR-field","Andrea and Jessica",0,0,0
"K12","one","WT18","WT",1,140,21,"1-K12",416.5,71.5,NA,NA,"plot_1","KSR-field","Andrea and Jessica",0,0,0
"K13","two","WR31","WR",1,36,116,"1-K13",62.9,53.4,NA,NA,"plot_1","KSR-field","Grant",0,0,0
"K14","one","WR40a","WR",1,69,29,"1-K14",229.7,69.4,NA,NA,"plot_1","KSR-field","Rebecca",0,0,0
"K15","one","WT30","WT",1,33,19,"1-K15",105.4,28.7,NA,NA,"plot_1","KSR-field","Grant",0,0,0
"M01","two","WT18","WT",1,12,7,"1-M01",12.5,39.5,NA,NA,"plot_1","KSR-field","Rebecca",0,0,0
"M02","one","KA7","KA",1,32,8,"1-M02",52.1,12.9,NA,NA,"plot_1","KSR-field","Grant",0,0,0
"M03","two","WT18","WT",1,19,18,"1-M03",43.1,20.9,NA,NA,"plot_1","KSR-field","Andrea",0,0,0
"M04","two","FOR15","FOR",1,21,8,"1-M04",26,9.1,NA,NA,"plot_1","KSR-field","Grant",0,0,0
"M05","one","KA7","KA",1,55,48,"1-M05",149.2,62.8,NA,NA,"plot_1","KSR-field","Andrea",0,0,0
"M06","one","WT18","WT",1,2,4,"1-M06",54.1,16.4,NA,NA,"plot_1","KSR-field","Samriti",0,0,0
"M07","one","KA7","KA",1,26,14,"1-M07",69.8,29.8,NA,NA,"plot_1","KSR-field","Andrea and Jessica",0,0,0
"M08","one","HTD2","HTD",1,87,20,"1-M08",NA,43.7,NA,NA,"plot_1","KSR-field","Andrea and Jessica",0,0,0
"M09","two","FOR26","FOR",1,6,19,"1-M09",12.7,12.1,NA,NA,"plot_1","KSR-field","Grant",0,0,0
"M13","one","FOR15","FOR",1,61,64,"1-M13",345.1,151.6,NA,NA,"plot_1","KSR-field","Steffi",0,0,0
"M14","two","WR31","WR",1,17,13,"1-M14",35.7,21.6,NA,NA,"plot_1","KSR-field","Grant",0,0,0
"M16","one","DU4","DU",1,86,74,"1-M16",328.9,83.4,NA,NA,"plot_1","KSR-field","Andrea and Jessica",0,0,0
"M17","two","DE15","DE",1,15,12,"1-M17",51,18.8,NA,NA,"plot_1","KSR-field","Grant",0,0,0
"N17","two","FOR43","FOR",1,6,8,"1-N17",9.2,9.7,NA,NA,"plot_1","KSR-field","Rebecca",0,0,0
"O01","one","RBE17","RBE",1,18,5,"1-O01",24.9,14.3,NA,NA,"plot_1","KSR-field","Rebecca",0,0,0
"O03","two","FOR15","FOR",1,14,27,"1-O03",23.1,21.6,NA,NA,"plot_1","KSR-field","Grant",0,0,0
"O05","one","DE15","DE",1,18,21,"1-O05",46.5,21.1,NA,NA,"plot_1","KSR-field","Grant",0,0,0
"O06","one","HTR30","HTR",1,149,55,"1-O06",285.1,76.5,NA,NA,"plot_1","KSR-field","Grant",0,0,0
"O07","one","DE7","DE",1,17,23,"1-O07",55.9,22.7,NA,NA,"plot_1","KSR-field","Andrea and Jessica",0,0,0
"O09","one","KA24","KA",1,10,23,"1-O09",30.6,25.9,NA,NA,"plot_1","KSR-field","Steffi",0,6,0
"O10","two","RBE38","RBE",1,33,14,"1-O10",74.1,39.7,NA,NA,"plot_1","KSR-field","Steffi",0,0,0
"O12","one","HTR1","HTR",1,56,81,"1-O12",93.1,51,NA,NA,"plot_1","KSR-field","Grant",0,0,0
"O16","two","DU17","DU",1,18,17,"1-O16",24.4,19.9,NA,NA,"plot_1","KSR-field","Grant",0,0,0
"O17","two","FZ17","FZ",1,8,5,"1-O17",20.6,11.2,NA,NA,"plot_1","KSR-field","Rebecca",0,0,0
"P05","one","HTR30","HTR",1,131,74,"1-P05",424,446.2,NA,NA,"plot_1","KSR-field","Andrea and Jessica",0,0,0
"P13","one","FZ17","FZ",1,54,33,"1-P13",141.5,98.8,NA,NA,"plot_1","KSR-field","not recorded",0,2,0
"P14","one","KA16","KA",1,28,15,"1-P14",38.7,14.2,NA,NA,"plot_1","KSR-field","not recoreded",0,0,0
"Q02","two","RBE38","RBE",1,43,11,"1-Q02",72.6,17.6,NA,NA,"plot_1","KSR-field","Simran",0,0,0
"Q06","one","HTD28","HTD",1,49,9,"1-Q06",NA,35.5,NA,NA,"plot_1","KSR-field","Andrea and Jessica",0,0,0
"Q08","two","FZ24","FZ",1,2,9,"1-Q08",4.8,4.4,NA,NA,"plot_1","KSR-field","Simran",0,0,0
"Q09","one","AC20","AC",1,39,11,"1-Q09",78.4,33.6,NA,NA,"plot_1","KSR-field","Rebecca",0,0,0
"Q13","one","HTR25","HTR",1,54,6,"1-Q13",89.3,14.8,NA,NA,"plot_1","KSR-field","Rebecca",0,0,0
"Q15","one","WT30","WT",1,179,31,"1-Q15",393.2,86.6,NA,NA,"plot_1","KSR-field","Andrea and Jessica",0,0,0
"Q17","two","DE15","DE",1,14,22,"1-Q17",76.3,27.35,NA,NA,"plot_1","KSR-field","Rebecca",0,0,0
"R01","one","FOR43","FOR",1,21,6,"1-R01",46.8,19.3,NA,NA,"plot_1","KSR-field","Steffi",0,0,0
"R05","two","FOR15","FOR",1,27,30,"1-R05",33.4,18,NA,NA,"plot_1","KSR-field","Grant",0,0,0
"R07","two","RBE34","RBE",1,4,9,"1-R07",6.8,11.4,NA,NA,"plot_1","KSR-field","Andrea and Jessica",0,0,0
"R08","one","HTD2","HTD",1,117,17,"1-R08",271.6,63.4,NA,NA,"plot_1","KSR-field","Andrea and Jessica",0,0,0
"R09","two","WT18","WT",1,4,6,"1-R09",20.6,6.5,NA,NA,"plot_1","KSR-field","Grant",0,0,0
"R11","one","RBE38","RBE",1,9,5,"1-R11",25.5,7.6,NA,NA,"plot_1","KSR-field","Steffi",0,0,0
"R13","one","DE15","DE",1,103,86,"1-R13",190.6,260.9,NA,NA,"plot_1","KSR-field","Steffi",0,0,0
"R15","two","DU4","DU",1,21,12,"1-R15",49.7,18.4,NA,NA,"plot_1","KSR-field","Rebecca",0,0,0
"R17","two","AC20","AC",0,12,13,"1-R17",16.1,14.6,NA,NA,"plot_1","KSR-field","Grant",0,0,0
"A03","one","WR40a","WR",1,132,4,"2-A03",506.4,105.1,NA,NA,"plot_2","KSR-field","Steffi",0,0,0
"A06","two","HTR1","HTR",1,15,17,"2-A06",12.9,10.5,NA,NA,"plot_2","KSR-field","Steffi",0,0,0
"A09","one","WT18","WT",1,12,14,"2-A09",23,10.1,NA,NA,"plot_2","KSR-field","Simran",0,0,0
"A11","one","WR40a","WR",1,8,15,"2-A11",34,16.6,NA,NA,"plot_2","KSR-field","Simran",0,0,0
"A13","one","KA16","KA",1,21,14,"2-A13",36.2,26.4,NA,NA,"plot_2","KSR-field","Andrea and Jessica",0,0,0
"A15","one","WT18","WT",1,278,23,"2-A15",5131.7,473.7,NA,NA,"plot_2","KSR-field","Monika",21,27,1
"B01","two","FOR43","FOR",1,328,114,"2-B01",1654.3,184.5,NA,NA,"plot_2","KSR-field","Grant",5,0,1
"B02","two","HTR1","HTR",1,9,4,"2-B02",9.9,3.9,NA,NA,"plot_2","KSR-field","Simran",0,0,0
"B03","one","FOR43","FOR",1,29,0,"2-B03",77.7,10.4,NA,NA,"plot_2","KSR-field","Madeline",0,0,0
"B04","two","DU17","DU",1,10,6,"2-B04",13.9,6,NA,NA,"plot_2","KSR-field","Madeline",0,0,0
"B05","two","HTD2","HTD",1,220,34,"2-B05",493.9,129.4,NA,NA,"plot_2","KSR-field","Nabina",0,0,0
"B06","two","HTR25","HTR",1,3,8,"2-B06",2.9,4.3,NA,NA,"plot_2","KSR-field","Steffi",0,0,0
"B08","one","AC3","AC",1,14,19,"2-B08",58.5,29.9,NA,NA,"plot_2","KSR-field","Andrea and Jessica",0,0,0
"B09","one","FZ19","FZ",1,44,17,"2-B09",122.4,30.2,NA,NA,"plot_2","KSR-field","Madeline",0,0,0
"B12","one","RBE38","RBE",1,45,30,"2-B12",203.8,80.35,NA,NA,"plot_2","KSR-field","Rebecca",0,0,0
"B13","one","AC20","AC",1,33,13,"2-B13",103.5,24.8,NA,NA,"plot_2","KSR-field","Rebecca",0,0,0
"B14","one","AC20","AC",1,374,14,"2-B14",2512.1,111.5,NA,NA,"plot_2","KSR-field","Andrea and Jessica",0,21,0
"B15","one","AC3","AC",1,42,19,"2-B15",151.8,25.2,NA,NA,"plot_2","KSR-field","Madeline",0,0,0
"B16","two","HTD2","HTD",1,0,0,"2-B16",8.2,2.3,NA,NA,"plot_2","KSR-field","Simran",0,0,0
"B17","two","HTD2","HTD",1,136,18,"2-B17",568.6,83.9,NA,NA,"plot_2","KSR-field","Steffi",0,0,0
"B19","two","HTR25","HTR",1,18,13,"2-B19",42.4,11.5,NA,NA,"plot_2","KSR-field","Rebecca",0,0,0
"C01","two","WT30","WT",1,39,22,"2-C01",147.6,35.3,NA,NA,"plot_2","KSR-field","Rebecca",0,0,0
"C02","two","KA16","KA",1,36,33,"2-C02",309.4,72.2,NA,NA,"plot_2","KSR-field","Rebecca",2,0,1
"C04","one","FOR15","FOR",1,126,12,"2-C04",825.8,142.6,NA,NA,"plot_2","KSR-field","Nabina",0,0,0
"C05","two","WT30","WT",1,90,34,"2-C05",897.3,112.3,NA,NA,"plot_2","KSR-field","Abby",1,0,1
"C07","one","RBE38","RBE",1,24,14,"2-C07",17.5,14.6,NA,NA,"plot_2","KSR-field","Andrea and Jessica",0,0,0
"C09","one","KA16","KA",1,45,28,"2-C09",280.6,44.8,NA,NA,"plot_2","KSR-field","Simran",3,0,1
"C11","one","DE15","DE",1,20,23,"2-C11",74.5,209.3,NA,NA,"plot_2","KSR-field","Simran",0,0,0
"C12","one","HTR1","HTR",1,149,27,"2-C12",732.4,132.1,NA,NA,"plot_2","KSR-field","Steffi",0,0,0
"C13","one","FZ24","FZ",1,27,24,"2-C13",77.8,37.2,NA,NA,"plot_2","KSR-field","Andrea and Jessica",0,0,0
"C17","two","KA16","KA",1,342,35,"2-C17",1429.6,195,NA,NA,"plot_2","KSR-field","Steffi",9,0,1
"D01","two","HTD2","HTD",1,10,5,"2-D01",10.6,3.8,NA,NA,"plot_2","KSR-field","Jing Qi",0,0,0
"D02","two","WT30","WT",1,18,6,"2-D02",46.7,27.5,NA,NA,"plot_2","KSR-field","not recorded",0,0,0
"D03","one","FOR15","FOR",1,34,4,"2-D03",58.7,16,NA,NA,"plot_2","KSR-field","Madeline",0,0,0
"D04","one","WR40a","WR",1,174,50,"2-D04",966.5,136.8,NA,NA,"plot_2","KSR-field","Steffi",2,3,1
"D06","two","DU17","DU",1,33,41,"2-D06",111.7,34,NA,NA,"plot_2","KSR-field","Rebecca",0,0,0
"D08","one","AC20","AC",1,0,4,"2-D08",9.5,11.4,NA,NA,"plot_2","KSR-field","Grant",0,0,0
"D09","one","FOR15","FOR",1,35,25,"2-D09",85.1,19.4,NA,NA,"plot_2","KSR-field","Samriti",0,0,0
"D10","one","KA24","KA",1,49,84,"2-D10",263.6,115.8,NA,NA,"plot_1","KSR-field","Steffi",0,0,0
"D11","one","FZ24","FZ",1,162,66,"2-D11",820.9,139,NA,NA,"plot_2","KSR-field","Andrea and Jessica",0,0,0
"D12","one","DU17","DU",1,171,18,"2-D12",502.6,86.2,NA,NA,"plot_2","KSR-field","Samriti",6,11,1
"D13","one","WT30","WT",1,6,5,"2-D13",12.6,8.5,NA,NA,"plot_2","KSR-field","Madeline",0,0,0
"D14","one","WR40a","WR",1,99,12,"2-D14",632.8,97.1,NA,NA,"plot_2","KSR-field","Rebecca",0,0,0
"D15","one","FOR15","FOR",1,96,35,"2-D15",915.2,133.7,NA,NA,"plot_2","KSR-field","Rebecca",0,0,0
"D17","two","DU17","DU",1,53,15,"2-D17",100.6,27.8,NA,NA,"plot_2","KSR-field","Steffi",0,0,0
"D18","two","KA16","KA",1,125,19,"2-D18",410.9,88.4,NA,NA,"plot_2","KSR-field","Grant",0,0,0
"E01","two","RBE34","RBE",1,7,9,"2-E01",8.8,6.4,NA,NA,"plot_2","KSR-field","Madeline",0,0,0
"E02","one","HTD28","HTD",1,307,43,"2-E02",1188.8,176.8,NA,NA,"plot_2","KSR-field","Grant",0,0,0
"E03","one","KA24","KA",1,19,3,"2-E03",36.3,10.15,NA,NA,"plot_2","KSR-field","Simran",0,0,0
"E04","two","HTR1","HTR",1,39,22,"2-E04",88.8,29.3,NA,NA,"plot_2","KSR-field","Steffi",0,0,0
"E05","two","HTD28","HTD",1,24,6,"2-E05",74.55,13.3,NA,NA,"plot_2","KSR-field","Rebecca",0,0,0
"E06","two","RBE17","RBE",1,127,30,"2-E06",619,103,NA,NA,"plot_2","KSR-field","Andrea",0,4,0
"E07","two","FZ19","FZ",1,21,33,"2-E07",198.6,34.3,NA,NA,"plot_2","KSR-field","Rebecca",1,0,1
"E08","one","RBE17","RBE",1,106,44,"2-E08",376.7,118.6,NA,NA,"plot_2","KSR-field","Andrea and Jessica",0,0,0
"E09","one","RBE34","RBE",1,206,81,"2-E09",999.4,153.2,NA,NA,"plot_2","KSR-field","Steffi",6,38,1
"E11","one","AC20","AC",1,216,66,"2-E11",1094.7,202.8,NA,NA,"plot_2","KSR-field","Andrea and Jessica",0,17,0
"E12","one","FZ24","FZ",1,72,51,"2-E12",279.8,75.6,NA,NA,"plot_2","KSR-field","Steffi",0,0,0
"E13","one","HTR30","HTR",1,25,7,"2-E13",35.2,7.4,NA,NA,"plot_2","KSR-field","Junielle",0,0,0
"E14","one","WT18","WT",1,22,25,"2-E14",67,16.4,NA,NA,"plot_2","KSR-field","Grant",0,0,0
"E15","one","FZ24","FZ",1,445,11,"2-E15",1674.4,159.5,NA,NA,"plot_2","KSR-field","Samriti",23,0,1
"F02","two","RBE17","RBE",1,8,4,"2-F02",23.7,5.4,NA,NA,"plot_2","KSR-field","Simran",0,0,0
"F03","one","HTR30","HTR",1,41,8,"2-F03",89,16.4,NA,NA,"plot_2","KSR-field","Simran",0,0,0
"F04","one","FZ19","FZ",1,178,13,"2-F04",610.9,147.5,NA,NA,"plot_2","KSR-field","Nabina",5,10,1
"F06","two","HTR1","HTR",1,24,25,"2-F06",123.6,23.7,NA,NA,"plot_2","KSR-field","Rebecca",0,0,0
"F08","one","HTD2","HTD",1,235,43,"2-F08",864.5,124,NA,NA,"plot_2","KSR-field","Steffi",7,6,1
"F09","one","FOR15","FOR",1,109,26,"2-F09",423,88.5,NA,NA,"plot_2","KSR-field","Andrea and Jessica",0,0,0
"F10","one","DU4","DU",1,81,83,"2-F10",508.8,68.85,NA,NA,"plot_2","KSR-field","Rebecca",0,0,0
"F11","one","AC15","AC",1,28,37,"2-F11",188,38.8,NA,NA,"plot_2","KSR-field","Andrea and Jessica",0,3,0
"F13","one","HTR1","HTR",1,85,12,"2-F13",364.6,47.5,NA,NA,"plot_2","KSR-field","Steffi",0,0,0
"F14","one","FOR43","FOR",1,46,27,"2-F14",166.5,51.6,NA,NA,"plot_2","KSR-field","Simran",0,0,0
"F15","one","KA16","KA",1,151,4,"2-F15",NA,NA,NA,NA,"plot_2","KSR-field","Steffi",0,0,0
"G02","two","KA16","KA",1,129,61,"2-G02",375.8,95.5,NA,NA,"plot_2","KSR-field","Grant",0,0,0
"G03","one","AC20","AC",1,44,13,"2-G03",93.3,17,NA,NA,"plot_2","KSR-field","Simran",0,0,0
"G04","two","HTD2","HTD",1,95,25,"2-G04",273.1,775,NA,NA,"plot_2","KSR-field","Steffi",0,0,0
"G06","two","AC15","AC",0,36,33,"2-G06",396.2,80.3,NA,NA,"plot_2","KSR-field","Rebecca",6,1,1
"G07","one","WT18","WT",1,129,24,"2-G07",612.1,141.9,NA,NA,"plot_2","KSR-field","Andrea and Jessica",0,0,0
"G08","one","DE7","DE",1,254,37,"2-G08",2219,240.6,NA,NA,"plot_2","KSR-field","Andrea and Jessica",0,3,0
"G10","one","HTD2","HTD",1,52,28,"2-G10",797.3,125.8,NA,NA,"plot_2","KSR-field","Andrea and Jessica",0,12,0
"G11","one","DE15","DE",1,75,13,"2-G11",518.8,63.3,NA,NA,"plot_2","KSR-field","Andrea and Jessica",0,18,0
"G12","one","DU17","DU",1,120,55,"2-G12",474.8,99.1,NA,NA,"plot_2","KSR-field","Samriti",0,0,0
"G13","one","FOR26","FOR",1,241,27,"2-G13",1296.7,169.9,NA,NA,"plot_2","KSR-field","Andrea and Jessica",0,2,0
"G14","one","AC20","AC",1,51,13,"2-G14",176.7,26,NA,NA,"plot_2","KSR-field","Steffi",0,0,0
"G15","one","FZ19","FZ",1,372,44,"2-G15",990.3,144.6,NA,NA,"plot_2","KSR-field","Steffi",12,23,1
"G17","two","FOR43","FOR",1,51,58,"2-G17",580.6,76,NA,NA,"plot_2","KSR-field","Rebecca",4,1,1
"H01","one","FZ24","FZ",1,13,3,"2-H01",33.2,11.2,NA,NA,"plot_2","KSR-field","Madeline",0,0,0
"H03","one","FOR43","FOR",1,162,20,"2-H03",626.6,122.3,NA,NA,"plot_2","KSR-field","Steffi",0,0,0
"H04","one","WR31","WR",1,116,46,"2-H04",478,127.5,NA,NA,"plot_2","KSR-field","Steffi",0,0,0
"H06","two","DE7","DE",1,30,18,"2-H06",214,36.6,NA,NA,"plot_2","KSR-field","Rebecca",0,0,0
"H07","two","HTR30","HTR",1,104,20,"2-H07",NA,NA,NA,NA,"plot_2","KSR-field","Steffi",0,0,0
"H08","two","WR31","WR",1,13,11,"2-H08",4.5,33.5,NA,NA,"plot_2","KSR-field","Rebecca",0,0,0
"H09","one","FOR15","FOR",1,115,17,"2-H09",1988.5,132.5,NA,NA,"plot_2","KSR-field","Andrea and Jessica",0,40,0
"H10","one","AC3","AC",1,163,19,"2-H10",1689.9,188.2,NA,NA,"plot_2","KSR-field","Andrea and Jessica",0,23,0
"H11","one","DE7","DE",1,18,40,"2-H11",132.3,13.7,NA,NA,"plot_2","KSR-field","Grant (Simran)",0,0,0
"H12","one","RBE17","RBE",1,63,36,"2-H12",NA,NA,NA,NA,"plot_2","KSR-field","Samriti",0,2,0
"H13","one","RBE17","RBE",1,79,37,"2-H13",289.7,58.2,NA,NA,"plot_2","KSR-field","Steffi",3,5,1
"H14","one","FZ19","FZ",1,0,4,"2-H14",NA,NA,NA,NA,"plot_2","KSR-field","Monika",1,72,1
"H16","two","RBE17","RBE",1,3,8,"2-H16",2.4,2.8,NA,NA,"plot_2","KSR-field","Jingqi Hao",0,0,0
"H17","two","HTR1","HTR",1,15,8,"2-H17",21.5,6,NA,NA,"plot_2","KSR-field","Simran",0,0,0
"H18","two","HTR25","HTR",0,2,12,"2-H18",NA,NA,NA,NA,"plot_2","KSR-field","Samriti",0,0,0
"H19","two","HTR30","HTR",1,18,16,"2-H19",79.5,26.8,NA,NA,"plot_2","KSR-field","Rebecca",0,0,0
"I02","one","FZ24","FZ",1,212,35,"2-I02",1235.1,420.5,NA,NA,"plot_2","KSR-field","Andrea and Jessica",4,0,1
"I03","one","DU4","DU",1,74,66,"2-I03a",222.7,43.9,NA,NA,"plot_2","KSR-field","Grant",0,0,0
"I03","one","DU4","DU",1,42,42,"2-I03b",116.3,39,NA,NA,"plot_2","KSR-field","Grant",0,0,0
"I04","one","KA24","KA",1,84,42,"2-I04",448,92.65,NA,NA,"plot_2","KSR-field","Rebecca",0,0,0
"I06","two","RBE34","RBE",1,18,13,"2-I06",43.8,16.25,NA,NA,"plot_2","KSR-field","Rebecca",0,0,0
"I07","two","DE7","DE",1,6,8,"2-I07",5.2,5.1,NA,NA,"plot_2","KSR-field","Steffi",0,0,0
"I09","one","WT30","WT",1,82,42,"2-I09",334.3,37.3,NA,NA,"plot_2","KSR-field","Simran",3,0,1
"I12","one","FZ24","FZ",1,181,28,"2-I12",700.5,179.2,NA,NA,"plot_2","KSR-field","Andrea and Jessica",0,15,0
"I13","one","FZ19","FZ",1,63,31,"2-I13",257,40.2,NA,NA,"plot_2","KSR-field","Simran",1,0,1
"I14","one","FOR15","FOR",1,80,1,"2-I14",1912,191.1,NA,NA,"plot_2","KSR-field","Andrea and Jessica",0,54,0
"I15","one","FOR26","FOR",1,250,42,"2-I15",1673.4,165.8,NA,NA,"plot_2","KSR-field","Samriti",8,27,1
"I18","two","HTR1","HTR",1,32,20,"2-I18",71.6,24.2,NA,NA,"plot_2","KSR-field","Steffi",0,0,0
"J01","one","WT18","WT",1,26,13,"2-J01",95.5,19.7,NA,NA,"plot_2","KSR-field","Grant",0,0,0
"J02","one","FZ19","FZ",1,39,16,"2-J02",62.5,11.6,NA,NA,"plot_2","KSR-field","Madeline",0,0,0
"J03","one","DE7","DE",1,177,38,"2-J03",918.5,186.8,NA,NA,"plot_2","KSR-field","Grant",0,0,0
"J06","one","WT18","WT",1,48,18,"2-J06",447,81.4,NA,NA,"plot_2","KSR-field","Rebecca",0,0,0
"J07","two","RBE17","RBE",1,42,35,"2-J07",NA,NA,NA,NA,"plot_2","KSR-field","Steffi",0,0,0
"J08","two","FZ17","FZ",1,59,36,"2-J08",318.2,80.1,NA,NA,"plot_2","KSR-field","Andrea and Jessica",0,0,0
"J10","one","FZ24","FZ",1,64,123,"2-J10",238.6,32.2,NA,NA,"plot_2","KSR-field","Simran",0,0,0
"J11","one","KA7","KA",1,116,27,"2-J11",1257.8,182.8,NA,NA,"plot_2","KSR-field","Andrea and Jessica",6,50,1
"J12","one","KA7","KA",1,228,47,"2-J12",905.1,126.2,NA,NA,"plot_2","KSR-field","Andrea and Jessica",0,27,0
"J13","one","HTR30","HTR",1,163,27,"2-J13",636.4,91.7,NA,NA,"plot_2","KSR-field","Andrea and Jessica",0,0,0
"J14","one","RBE34","RBE",1,211,32,"2-J14",1698.6,220.3,NA,NA,"plot_2","KSR-field","Andrea and Jessica",0,64,0
"J15","one","AC15","AC",1,63,15,"2-J15",NA,NA,NA,NA,"plot_2","KSR-field","Steffi",2,0,1
"K03","one","RBE34","RBE",1,146,55,"2-K03",NA,NA,NA,NA,"plot_2","KSR-field","Steffi",5,49,1
"K04","one","AC3","AC",1,36,8,"2-K04",65.4,12.2,NA,NA,"plot_2","KSR-field","Simran",0,0,0
"K06","two","FZ24","FZ",1,33,51,"2-K06",222.5,45.9,NA,NA,"plot_2","KSR-field","Rebecca",0,0,0
"K07","two","WR31","WR",1,27,56,"2-K07",31,5.3,NA,NA,"plot_2","KSR-field","Rebecca",0,0,0
"K09","one","HTD2","HTD",1,115,59,"2-K09",400.1,66.8,NA,NA,"plot_2","KSR-field","Steffi",0,0,0
"K12","one","FOR15","FOR",1,127,9,"2-K12",1691.8,105.4,NA,NA,"plot_2","KSR-field","not recoreded",7,34,1
"K18","two","HTR1","WR",1,53,15,"2-K18",194.5,38.7,NA,NA,"plot_2","KSR-field","Grant",0,0,0
"L01","one","KA7","KA",1,60,7,"2-L01",286.8,19.7,NA,NA,"plot_2","KSR-field","Rebecca",4,1,1
"L03","one","WR40a","WR",1,252,18,"2-L03",1128.5,256.4,NA,NA,"plot_2","KSR-field","Steffi",3,0,1
"L04","one","DE15","DE",1,45,6,"2-L04",17.3,5.3,NA,NA,"plot_2","KSR-field","Rebecca",0,0,0
"L06","two","HTD2","HTD",1,7,10,"2-L06",4.9,1.9,NA,NA,"plot_2","KSR-field","Madeline",0,0,0
"L07","two","AC3","AC",1,39,61,"2-L07",134.4,30.1,NA,NA,"plot_2","KSR-field","Rebecca",0,0,0
"L08","one","KA16","KA",1,9,5,"2-L08",3.8,3.7,NA,NA,"plot_2","KSR-field","Madeline",0,0,0
"L09","one","HTD28","HTD",1,203,98,"2-L09",1004.3,171.4,NA,NA,"plot_2","KSR-field","Steffi",0,0,0
"L12","one","WR31","WR",1,129,39,"2-L12",918,106.6,NA,NA,"plot_2","KSR-field","Andrea and Jessica",0,27,0
"L13","one","WT30","WT",1,439,35,"2-L13",2707.4,250.3,NA,NA,"plot_2","KSR-field","Samriti",22,15,1
"L14","one","WR40a","WR",1,40,35,"2-L14",165.6,34.5,NA,NA,"plot_2","KSR-field","Madeline",0,0,0
"L19","two","HTR1","HTR",1,46,8,"2-L19",171.9,53.7,NA,NA,"plot_2","KSR-field","Steffi",0,0,0
"M03","one","FOR43","FOR",1,147,39,"2-M03",431.8,108.8,NA,NA,"plot_2","KSR-field","Steffi",0,0,0
"M04","two","KA16","KA",1,110,16,"2-M04",237.8,83.9,NA,NA,"plot_2","KSR-field","Steffi",2,1,1
"M06","two","HTD28","HTD",1,5,2,"2-M06",3.5,11,NA,NA,"plot_2","KSR-field","Simran",0,0,0
"M08","one","DE15","DE",1,7,5,"2-M08",6,7,NA,NA,"plot_2","KSR-field","Grant",0,0,0
"M09","one","KA24","KA",1,343,70,"2-M09",NA,NA,NA,NA,"plot_2","KSR-field","Steffi",4,0,1
"M10","one","KA24","KA",1,33,79,"2-M10",186.7,25,NA,NA,"plot_2","KSR-field","Simran",0,0,0
"M12","one","FOR43","FOR",1,6,17,"2-M12",NA,NA,NA,NA,"plot_2","KSR-field","Jing Qi",0,0,0
"M14","one","KA16","KA",1,40,20,"2-M14",80.3,19.8,NA,NA,"plot_2","KSR-field","Madeline",0,0,0
"M19","two","RBE34","RBE",1,8,3,"2-M19",3.3,2.8,NA,NA,"plot_2","KSR-field","Madeline",0,0,0
"N04","one","AC3","AC",1,267,33,"2-N04",1256.7,214.6,NA,NA,"plot_2","KSR-field","Steffi",10,26,1
"N05","two","RBE17","RBE",1,6,8,"2-N05",8.8,3,NA,NA,"plot_2","KSR-field","Simran",0,0,0
"N07","two","RBE17","RBE",1,27,59,"2-N07",106.1,21.9,NA,NA,"plot_2","KSR-field","Rebecca",1,0,1
"N09","one","DE15","DE",1,362,63,"2-N09",3074.4,355.4,NA,NA,"plot_2","KSR-field","Andrea and Jessica",0,30,0
"N11","one","FZ17","FZ",1,57,151,"2-N11",483.4,71.1,NA,NA,"plot_2","KSR-field","Rebecca",3,0,1
"N12","one","FOR26","FOR",1,114,159,"2-N12",1175.5,135.8,NA,NA,"plot_2","KSR-field","Rebecca",0,0,0
"N13","one","DU4","DU",1,95,27,"2-N13",396.5,91.6,NA,NA,"plot_2","KSR-field","Steffi",4,2,1
"N14","one","RBE17","RBE",1,77,24,"2-N14",795.9,86.9,NA,NA,"plot_2","KSR-field","Monika",5,10,1
"N16","two","HTD2","HTD",1,24,33,"2-N16",115.9,26,NA,NA,"plot_2","KSR-field","Rebecca",0,0,0
"N19","two","HTR25","HTR",1,166,54,"2-N19",427.2,83.4,NA,NA,"plot_2","KSR-field","Steffi",7,1,1
"O05","one","DE15","DE",1,9,4,"2-O05",5.5,18.1,NA,NA,"plot_2","KSR-field","Rebecca",0,0,0
"O08","two","WR31","WR",1,9,9,"2-O08",10,4.4,NA,NA,"plot_2","KSR-field","Madeline",0,0,0
"O09","two","FZ24","FZ",1,61,18,"2-O09",124.3,26,NA,NA,"plot_2","KSR-field","Steffi",0,0,0
"O12","one","AC3","AC",1,148,49,"2-O12",346.2,122.5,NA,NA,"plot_2","KSR-field","Andrea and Jessica",0,0,0
"O13","one","HTD2","HTD",1,86,19,"2-O13",581.9,84.6,NA,NA,"plot_2","KSR-field","Samriti",0,7,0
"O15","one","AC15","AC",1,260,37,"2-O15",1507.1,190.9,NA,NA,"plot_2","KSR-field","Steffi",7,35,1
"A10","two","FOR43","FOR",1,27,15,"3-A10",108.6,27.9,NA,NA,"plot_3","KSR-field","Steffi",0,0,0
"B02","two","HTR30","HTR",1,10,3,"3-B02",9.6,4.4,NA,NA,"plot_3","KSR-field","Shree",0,0,0
"B03","two","RBE38","RBE",1,56,20,"3-B03",100.4,38.4,NA,NA,"plot_3","KSR-field","Steffi",0,0,0
"B05","two","HTD2","HTD",1,9,1,"3-B05",2.7,2,NA,NA,"plot_3","KSR-field","Simran",0,0,0
"B06","two","HTR30","HTR",1,12,8,"3-B06",9.6,9.4,NA,NA,"plot_3","KSR-field","Steffi",0,0,0
"B09","two","AC3","AC",1,62,30,"3-B09",132.5,18.8,NA,NA,"plot_3","KSR-field","Yumeng",0,0,0
"B11","two","RBE38","RBE",1,16,4,"3-B11",24.2,10.5,NA,NA,"plot_3","KSR-field","Steffi",0,0,0
"B15","two","RBE38","RBE",1,7,8,"3-B15",10.6,3.4,NA,NA,"plot_3","KSR-field","Grant",0,0,0
"B16","two","AC3","AC",1,58,8,"3-B16",164.6,35.2,NA,NA,"plot_3","KSR-field","Steffi",0,0,0
"B17","two","KA16","KA",1,9,13,"3-B17",10.7,5,NA,NA,"plot_3","KSR-field","Madeline",0,0,0
"B20","two","HTD2","HTD",1,4,3,"3-B20",3.1,2.85,NA,NA,"plot_3","KSR-field","Madeline",0,0,0
"C03","two","KA7","KA",1,15,13,"3-C03",36.2,10.5,NA,NA,"plot_3","KSR-field","Shree",0,0,0
"C06","two","RBE38","RBE",1,11,10,"3-C06",30.4,17.7,NA,NA,"plot_3","KSR-field","Steffi",0,0,0
"C07","two","FZ17","FZ",0,3,2,"3-C07",3.3,4.8,NA,NA,"plot_3","KSR-field","Steffi",0,0,0
"C10","two","AC3","AC",1,30,6,"3-C10",85.5,27.5,NA,NA,"plot_3","KSR-field","Monika",0,0,0
"C15","two","KA7","KA",1,9,3,"3-C15",8.5,6.2,NA,NA,"plot_3","KSR-field","Andrea and Jessica",0,0,0
"C18","two","AC20","AC",1,9,7,"3-C18",12.9,3.7,NA,NA,"plot_3","KSR-field","Monika",0,0,0
"C20","two","FOR43","FOR",1,12,2,"3-C20",10.5,5.4,NA,NA,"plot_3","KSR-field","Madeline",0,0,0
"D04","one","AC3","AC",1,34,20,"3-D04",156.8,49.7,NA,NA,"plot_3","KSR-field","Monika",0,0,0
"D05","one","FOR15","FOR",1,8,13,"3-D05",11.1,14.2,NA,NA,"plot_3","KSR-field","Steffi",0,0,0
"D06","one","RBE17","RBE",1,46,14,"3-D06",216.7,38.2,NA,NA,"plot_3","KSR-field","Steffi",0,0,0
"D07","one","AC20","AC",1,109,233,"3-D07",316.8,129.6,NA,NA,"plot_3","KSR-field","Grant",0,0,0
"D08","one","RBE17","RBE",1,28,24,"3-D08",95.1,16.2,NA,NA,"plot_3","KSR-field","Madeline",0,0,0
"D09","one","KA16","KA",1,10,39,"3-D09",377.3,74.2,NA,NA,"plot_3","KSR-field","Monika",0,18,0
"D10","one","KA7","KA",1,177,67,"3-D10",628.7,158.1,NA,NA,"plot_3","KSR-field","Steffi",4,5,1
"D11","one","FOR43","FOR",1,72,27,"3-D11",188.3,97,NA,NA,"plot_3","KSR-field","Steffi",0,0,0
"D12","two","KA7","KA",1,120,40,"3-D12",223.4,98.6,NA,NA,"plot_3","KSR-field","Steffi",1,0,1
"D14","two","FZ19","FZ",1,342,12,"3-D14",1261.7,18.6,NA,NA,"plot_3","KSR-field","Andrea and Jessica",0,0,0
"D15","two","DU4","DU",1,99,25,"3-D15",302.1,66.2,NA,NA,"plot_3","KSR-field","Samriti",0,0,0
"D17","two","WT30","WT",1,43,6,"3-D17",256,72.1,NA,NA,"plot_3","KSR-field","Steffi",0,0,0
"D18","two","FZ19","FZ",1,7,3,"3-D18",3.6,1.3,NA,NA,"plot_3","KSR-field","Samriti",0,0,0
"D19","two","FZ19","FZ",1,18,11,"3-D19",78,30.1,NA,NA,"plot_3","KSR-field","Steffi",0,0,0
"E04","one","HTD2","HTD",1,57,19,"3-E04",158.4,19.3,NA,NA,"plot_3","KSR-field","Shree",0,0,0
"E05","one","HTR25","HTR",1,32,11,"3-E05",3.2,2.6,NA,NA,"plot_3","KSR-field","Madeline",0,0,0
"E06","one","HTR1","HTR",1,114,59,"3-E06",442.5,82.6,NA,NA,"plot_3","KSR-field","Junielle",0,0,0
"E07","one","HTR1","HTR",1,0,6,"3-E07",8.7,9.7,NA,NA,"plot_3","KSR-field","Simran",0,0,0
"E08","one","DE7","DE",1,148,35,"3-E08",600.4,281,NA,NA,"plot_3","KSR-field","Steffi",0,0,0
"E09","one","AC3","AC",1,30,39,"3-E09",61.4,3.26,NA,NA,"plot_3","KSR-field","Grant",0,0,0
"E11","one","FOR15","FOR",1,81,47,"3-E11",280.1,65.3,NA,NA,"plot_3","KSR-field","Grant",0,0,0
"E12","two","FOR15","FOR",1,32,20,"3-E12",50.5,15,NA,NA,"plot_3","KSR-field","Madeline",0,0,0
"E16","two","WR40a","WR",1,9,25,"3-E16",11,3,NA,NA,"plot_3","KSR-field","Grant",0,0,0
"E17","two","WT18","WT",1,39,12,"3-E17",115.7,24.1,NA,NA,"plot_3","KSR-field","Samriti",0,0,0
"E18","two","FZ17","FZ",1,6,8,"3-E18",14,4.1,NA,NA,"plot_3","KSR-field","Grant",0,0,0
"E19","two","RBE38","RBE",1,39,22,"3-E19",112.6,23.1,NA,NA,"plot_3","KSR-field","Steffi",0,0,0
"E20","two","KA7","KA",1,12,19,"3-E20",40.1,12.9,NA,NA,"plot_3","KSR-field","Grant, also entry in NB by Steffi",0,0,0
"F02","two","FOR43","FOR",1,6,8,"3-F02",5.3,4.1,NA,NA,"plot_3","KSR-field","Madeline",0,0,0
"F03","one","WR31","WR",1,28,48,"3-F03",217.9,75,NA,NA,"plot_3","KSR-field","Monika",0,0,0
"F04","one","FOR15","FOR",1,32,15,"3-F04",323.5,48.3,NA,NA,"plot_3","KSR-field","Monika",1,2,1
"F05","one","KA16","KA",1,29,75,"3-F05",53.3,58.1,NA,NA,"plot_3","KSR-field","Andrea and Jessica",0,0,0
"F07","one","DU4","DU",1,287,41,"3-F07",1176.2,358,NA,NA,"plot_3","KSR-field","Andrea and Jessica",0,0,0
"F08","one","KA16","KA",1,30,13,"3-F08",84.8,52.8,NA,NA,"plot_3","KSR-field","Steffi",6,4,1
"F10","one","AC20","AC",1,70,13,"3-F10",729.4,108.1,NA,NA,"plot_3","KSR-field","Monika",0,0,0
"F11","one","WT18","WT",1,12,4,"3-F11",23.2,12.2,NA,NA,"plot_3","KSR-field","Madeline",0,0,0
"F13","two","FOR26","FOR",1,39,8,"3-F13a",42.7,28.1,NA,NA,"plot_3","KSR-field","Steffi",1,5,1
"F13","two","FOR26","FOR",1,10,12,"3-F13b",115.2,27.6,NA,NA,"plot_3","KSR-field","Steffi",0,0,0
"F14","two","FZ24","FZ",1,70,19,"3-F14",176,24.7,NA,NA,"plot_3","KSR-field","Yumeng",0,0,0
"F17","two","DU4","DU",1,17,10,"3-F17",41.5,6.3,NA,NA,"plot_3","KSR-field","Grant",0,0,0
"G02","two","FZ17","FZ",1,7,4,"3-G02",6.1,0.9,NA,NA,"plot_3","KSR-field","Steffi",0,0,0
"G03","one","HTR1","HTR",1,13,4,"3-G03",11.3,4.8,NA,NA,"plot_3","KSR-field","Madeline",0,0,0
"G04","one","WR40a","WR",1,50,64,"3-G04",329.5,71,NA,NA,"plot_3","KSR-field","Monika",0,0,0
"G05","one","KA7","KA",1,32,22,"3-G05",52.3,25.1,NA,NA,"plot_3","KSR-field","Grant",0,0,0
"G06","one","FOR43","FOR",1,197,112,"3-G06",538.5,168.9,NA,NA,"plot_3","KSR-field","Grant",0,0,0
"G07","one","KA7","KA",1,65,60,"3-G07",69.6,33.1,NA,NA,"plot_3","KSR-field","Grant",0,0,0
"G08","one","HTD28","HTD",1,101,27,"3-G08",NA,NA,NA,NA,"plot_3","KSR-field","Samriti",0,0,0
"G09","one","DU4","DU",1,103,50,"3-G09",325.2,171.8,NA,NA,"plot_3","KSR-field","Steffi",0,0,0
"G12","two","FOR26","FOR",1,9,15,"3-G12",5.9,17.5,NA,NA,"plot_3","KSR-field","Simran",0,0,0
"G13","two","FOR15","FOR",1,9,13,"3-G13",11.6,3.8,NA,NA,"plot_3","KSR-field","Simran",0,0,0
"G14","two","DU4","DU",1,136,24,"3-G14",NA,NA,NA,NA,"plot_3","KSR-field","Steffi",0,0,0
"G15","two","WT30","WT",1,17,5,"3-G15",45.9,6.7,NA,NA,"plot_3","KSR-field","Simran",0,0,0
"G17","two","HTD28","HTD",1,159,69,"3-G17",637.8,73.4,NA,NA,"plot_3","KSR-field","Grant",0,0,0
"G18","two","AC20","AC",1,139,9,"3-G18",545.8,53.7,NA,NA,"plot_3","KSR-field","Madeline",0,0,0
"G19","two","FOR43","FOR",1,18,1,"3-G19",20.4,7.6,NA,NA,"plot_3","KSR-field","Steffi",0,0,0
"G20","two","FOR26","FOR",1,24,2,"3-G20",65.9,17.6,NA,NA,"plot_3","KSR-field","Rebecca",0,0,0
"H02","two","HTR30","HTR",1,3,12,"3-H02",2.3,1.9,NA,NA,"plot_3","KSR-field","Samriti",0,0,0
"H04","one","AC20","AC",1,177,73,"3-H04",652.6,474.1,NA,NA,"plot_3","KSR-field","Steffi",0,0,0
"H05","one","FZ19","FZ",1,88,1,"3-H05",224.1,38.4,NA,NA,"plot_3","KSR-field","Andrea and Jessica",0,0,0
"H06","one","DE7","DE",1,70,10,"3-H06",242.8,47,NA,NA,"plot_3","KSR-field","Yumeng",0,0,0
"H07","one","HTR30","HTR",1,51,9,"3-H07",122.5,87.7,NA,NA,"plot_3","KSR-field","Steffi",0,0,0
"H08","one","DE15","DE",1,68,7,"3-H08",302.9,77.2,NA,NA,"plot_3","KSR-field","Steffi",0,0,0
"H09","one","HTD28","HTD",1,541,85,"3-H09",3447.3,283.5,NA,NA,"plot_3","KSR-field","Grant",0,0,0
"H10","one","HTD2","HTD",1,63,52,"3-H10",933.9,277.8,NA,NA,"plot_3","KSR-field","Steffi",7,2,1
"H13","two","DE15","DE",1,64,8,"3-H13",179.6,31.7,NA,NA,"plot_3","KSR-field","Madeline",0,0,0
"H17","two","HTD28","HTD",1,12,0,"3-H17",20.4,3.7,NA,NA,"plot_3","KSR-field","Simran",0,0,0
"H18","two","WT30","WT",1,51,5,"3-H18",NA,NA,NA,NA,"plot_3","KSR-field","Steffi",0,0,0
"I02","two","KA7","KA",1,6,1,"3-I02",NA,NA,NA,NA,"plot_3","KSR-field","Simran",0,0,0
"I03","one","FOR15","FOR",1,63,22,"3-I03",NA,NA,NA,NA,"plot_3","KSR-field","Samriti",0,0,0
"I04","one","WT18","WT",1,63,27,"3-I04",203.4,63.9,NA,NA,"plot_3","KSR-field","Madeline",0,0,0
"I05","one","WR40a","WR",1,85,8,"3-I05",273,39.5,NA,NA,"plot_3","KSR-field","Andrea and Jessica",0,0,0
"I06","one","FZ24","FZ",1,2,5,"3-I06",87.8,18.5,NA,NA,"plot_3","KSR-field","Madeline",0,0,0
"I07","one","RBE38","RBE",1,78,3,"3-I07",186.2,60.1,NA,NA,"plot_3","KSR-field","Steffi",0,0,0
"I08","one","HTR25","HTR",1,30,20,"3-I08",64,10.9,NA,NA,"plot_3","KSR-field","Simran",0,0,0
"I10","one","RBE38","RBE",1,137,53,"3-I10",562.3,237.9,NA,NA,"plot_3","KSR-field","Andrea and Jessica",0,0,0
"I11","two","WR31","WR",1,14,3,"3-I11",41.2,7.9,NA,NA,"plot_3","KSR-field","Steffi",0,0,0
"I12","two","WR40a","WR",1,10,5,"3-I12",19.6,23,NA,NA,"plot_3","KSR-field","Madeline",0,0,0
"I14","two","FZ19","FZ",1,72,16,"3-I14",128,49.5,NA,NA,"plot_3","KSR-field","Steffi",0,0,0
"I15","two","DU4","DU",1,49,27,"3-I15",190.3,26.5,NA,NA,"plot_3","KSR-field","Grant",0,0,0
"J06","one","RBE34","RBE",1,3,5,"3-J06",5.9,6.7,NA,NA,"plot_3","KSR-field","Simran",0,0,0
"J07","one","FOR43","FOR",1,108,49,"3-J07",644.6,240.7,NA,NA,"plot_3","KSR-field","Steffi",0,0,0
"J09","one","KA24","KA",1,159,114,"3-J09",NA,NA,NA,NA,"plot_3","KSR-field","Grant",0,0,0
"J11","two","FZ17","FZ",1,3,28,"3-J11",13.2,16.2,NA,NA,"plot_3","KSR-field","Madeline?",0,0,0
"J14","two","DE15","DE",1,30,18,"3-J14",45.15,6.6,NA,NA,"plot_3","KSR-field","Simran",0,0,0
"J16","two","WT30","WT",1,111,38,"3-J16",557.8,70.2,NA,NA,"plot_3","KSR-field","Madeline",2,1,1
"J17","two","HTD28","HTD",1,49,6,"3-J17",76.2,14.2,NA,NA,"plot_3","KSR-field","Grant",0,0,0
"K04","one","FOR26","FOR",1,26,16,"3-K04",106.6,54.2,NA,NA,"plot_3","KSR-field","Grant",0,0,0
"K05","one","KA16","KA",1,52,23,"3-K05",NA,NA,NA,NA,"plot_3","KSR-field","Samriti",0,0,0
"K11","two","FOR15","FOR",1,20,11,"3-K11",22,72.7,NA,NA,"plot_3","KSR-field","Steffi",0,0,0
"K14","two","FZ19","FZ",1,23,9,"3-K14",26,12.3,NA,NA,"plot_3","KSR-field","Madeline",0,0,0
"K15","two","DU4","DU",1,44,44,"3-K15",101.8,31.5,NA,NA,"plot_3","KSR-field","Andrea and Jessica",0,0,0
"K16","two","WR40a","WR",1,38,38,"3-K16",90.8,16,NA,NA,"plot_3","KSR-field","Madeline",0,0,0
"K18","two","KA7","KA",1,9,3,"3-K18",4.6,2.2,NA,NA,"plot_3","KSR-field","Simran",0,0,0
"L02","two","AC3","AC",1,8,4,"3-L02",5.7,2,NA,NA,"plot_3","KSR-field","Grant",0,0,0
"L03","one","RBE34","RBE",1,15,25,"3-L03",56,23.4,NA,NA,"plot_3","KSR-field","Andrea and Jessica",0,0,0
"L05","one","RBE17","RBE",1,15,6,"3-L05",19.7,7.9,NA,NA,"plot_3","KSR-field","Madeline",0,0,0
"L08","one","KA7","KA",1,24,6,"3-L08",31.4,27.1,NA,NA,"plot_3","KSR-field","Samriti",0,0,0
"L09","one","HTR30","HTR",1,25,23,"3-L09",73.4,40.8,NA,NA,"plot_3","KSR-field","Andrea and Jessica",0,0,0
"L10","two","KA7","KA",1,13,4,"3-L10",23.2,33.8,NA,NA,"plot_3","KSR-field","Samriti",0,0,0
"L11","two","DE15","DE",1,25,7,"3-L11",68.9,13.4,NA,NA,"plot_3","KSR-field","Andrea and Jessica",0,0,0
"L13","two","WR31","WR",1,11,6,"3-L13",36.8,8.1,NA,NA,"plot_3","KSR-field","Steffi",0,0,0
"L15","two","KA7","KA",0,14,7,"3-L15",12.9,17.6,NA,NA,"plot_3","KSR-field","Steffi",0,0,0
"L18","two","WR40a","WR",1,8,5,"3-L18",7.7,2.3,NA,NA,"plot_3","KSR-field","Grant",0,0,0
"L19","two","HTD28","HTD",1,5,3,"3-L19",3.6,2.2,NA,NA,"plot_3","KSR-field","Samriti",0,0,0
"L20","two","RBE38","RBE",1,51,16,"3-L20",NA,NA,NA,NA,"plot_3","KSR-field","Steffi",0,0,0
"M02","two","HTR30","HTR",1,17,3,"3-M02",43.1,13.3,NA,NA,"plot_3","KSR-field","Andrea and Jessica",0,0,0
"M03","one","DE15","DE",1,27,12,"3-M03",NA,NA,NA,NA,"plot_3","KSR-field","Samriti",0,0,0
"M04","one","AC15","AC",1,30,12,"3-M04",173.3,19.3,NA,NA,"plot_3","KSR-field","Madeline",0,0,0
"M05","one","RBE38","RBE",1,164,44,"3-M05",NA,NA,NA,NA,"plot_3","KSR-field","Steffi",0,6,0
"M13","two","DE15","DE",1,62,19,"3-M13",275.4,91,NA,NA,"plot_3","KSR-field","Steffi",0,0,0
"M14","two","DU4","DU",1,51,17,"3-M14",88.3,24.2,NA,NA,"plot_3","KSR-field","Rebecca",0,0,0
"M18","two","FOR43","FOR",1,4,16,"3-M18",66.3,101.9,NA,NA,"plot_3","KSR-field","Andrea and Jessica",0,0,0
"M19","two","FOR26","FOR",1,3,3,"3-M19",1.15,1.5,NA,NA,"plot_3","KSR-field","Simran",0,0,0
"N04","one","HTR30","HTR",1,85,15,"3-N04",580,474.3,NA,NA,"plot_3","KSR-field","Andrea and Jessica",0,0,0
"N06","one","FZ17","FZ",1,63,17,"3-N06",179.4,37.8,NA,NA,"plot_3","KSR-field","Steffi",0,0,0
"N09","one","FOR15","FOR",1,19,15,"3-N09",70.9,38.7,NA,NA,"plot_3","KSR-field","Steffi",0,0,0
"N11","two","WR31","WR",1,8,2,"3-N11",12,3.8,NA,NA,"plot_3","KSR-field","Steffi",0,0,0
"N13","two","DU4","DU",1,14,9,"3-N13",14.8,17.9,NA,NA,"plot_3","KSR-field","Andrea and Jessica",0,0,0
"N14","two","WR31","WR",1,39,66,"3-N14",228.4,58.7,NA,NA,"plot_3","KSR-field","Rebecca",0,0,0
"N15","two","DU4","DU",1,24,13,"3-N15",38.1,13.2,NA,NA,"plot_3","KSR-field","Simran",0,0,0
"N18","two","RBE38","RBE",1,66,17,"3-N18",193.2,34.3,NA,NA,"plot_3","KSR-field","Steffi",0,0,0
"N20","two","FOR43","FOR",1,186,32,"3-N20",1145,144.3,NA,NA,"plot_3","KSR-field","Andrea and Jessica",0,0,0
"O04","one","HTD2","HTD",1,294,43,"3-O04",1225.4,157.3,NA,NA,"plot_3","KSR-field","Andrea and Jessica",0,10,0
"O05","one","KA24","KA",1,33,23,"3-O05",21.9,11,NA,NA,"plot_3","KSR-field","Yumeng",0,0,0
"O07","one","AC20","AC",1,43,20,"3-O07",NA,NA,NA,NA,"plot_3","KSR-field","Grant",0,0,0
"O09","one","FZ24","FZ",1,6,1,"3-O09",18.1,22.7,NA,NA,"plot_3","KSR-field","Andrea and Jessica",0,0,0
"O13","two","FZ19","FZ",1,10,6,"3-O13",22.8,8.3,NA,NA,"plot_3","KSR-field","Madeline",0,0,0
"O18","two","HTD2","HTD",1,4,5,"3-O18",2,2.7,NA,NA,"plot_3","KSR-field","Jing Qi",0,0,0
"O19","two","KA7","KA",1,29,11,"3-O19",47,19.8,NA,NA,"plot_3","KSR-field","Steffi",0,0,0
"P06","one","FZ24","FZ",0,48,52,"3-P06",NA,NA,NA,NA,"plot_3","KSR-field","Monika",0,0,0
"P07","one","HTR1","HTR",1,7,4,"3-P07",28.2,7,NA,NA,"plot_3","KSR-field","Simran",0,0,0
"P08","one","RBE34","RBE",1,58,41,"3-P08",142.4,50.4,NA,NA,"plot_3","KSR-field","Madeline",0,0,0
"P09","one","RBE38","RBE",1,57,22,"3-P09",303.8,38.2,NA,NA,"plot_3","KSR-field","Steffi",0,0,0
"P10","one","FZ24","FZ",1,28,18,"3-P10",68.4,15,NA,NA,"plot_3","KSR-field","Madeline",0,0,0
"P11","two","KA16","KA",1,3,5,"3-P11",3,2,NA,NA,"plot_3","KSR-field","Jingqi Hao",0,0,0
"P14","two","DE15","DE",1,51,23,"3-P14",NA,36.8,NA,NA,"plot_3","KSR-field","Steffi",0,0,0
"P19","two","FOR26","FOR",1,19,13,"3-P19",33.5,19.3,NA,NA,"plot_3","KSR-field","Grant",0,0,0
"P20","two","AC15","AC",1,2,3,"3-P20",1.8,1.9,NA,NA,"plot_3","KSR-field","Rebecca",0,0,0
"Q02","two","RBE38","RBE",1,6,6,"3-Q02",10.4,12.7,NA,NA,"plot_3","KSR-field","Andrea and Jessica",0,0,0
"Q08","one","WR40a","WR",1,64,13,"3-Q08",37.8,170.4,NA,NA,"plot_3","KSR-field","Steffi",0,0,0
"Q10","two","WR31","WR",1,7,5,"3-Q10",6.9,3.15,NA,NA,"plot_3","KSR-field","Madeline",0,0,0
"Q14","two","FOR26","FOR",1,12,1,"3-Q14",7.8,4.8,NA,NA,"plot_3","KSR-field","Simran",0,0,0
"Q15","two","FOR15","FOR",1,13,6,"3-Q15",24.2,6.4,NA,NA,"plot_3","KSR-field","Jing Qi",0,0,0
"Q16","two","AC3","AC",1,6,2,"3-Q16",3.7,2.4,NA,NA,"plot_3","KSR-field","Samriti",0,0,0
"R05","one","HTR25","HTR",1,6,5,"3-R05",5.5,2.6,NA,NA,"plot_3","KSR-field","Simran",0,0,0
"R09","one","HTR30","HTR",1,4,12,"3-R09",64,9.3,NA,NA,"plot_3","KSR-field","Grant",0,0,0
"R15","two","WR31","WR",1,12,3,"3-R15",14.4,4.8,NA,NA,"plot_3","KSR-field","Jing Qi",0,0,0
"R16","two","WR40a","WR",1,9,9,"3-R16a",2.1,2.4,NA,NA,"plot_3","KSR-field","Grant",0,0,0
"R16","two","WR40a","WR",1,7,10,"3-R16b",3.3,4.9,NA,NA,"plot_3","KSR-field","Grant",0,0,0
"J05","two","FOR43","FOR",1,108,6,"NR-01",318.4,57.6,NA,NA,"plot_2","KSR-field","Andrea",0,0,0
"K05","two","DU17","DU",1,4,4,"NR-02",13.7,13.5,NA,NA,"plot_2","KSR-field","Andrea",0,0,0
"M05","two","FOR43","FOR",1,78,21,"NR-03",291.3,72.5,NA,NA,"plot_2","KSR-field","Andrea",0,0,0
"O06","two","HTD2","HTD",1,43,22,"NR-05",133.7,31.2,NA,NA,"plot_2","KSR-field","Andrea",0,0,0
"B09","one","HTR25","HTR",1,104,49,"NR-06",392.2,70.8,NA,NA,"plot_2","KSR-field","Andrea and Jessica",0,3,0
"B10","one","HTR1","HTR",1,200,83,"NR-07",1563.8,311.9,NA,NA,"plot_2","KSR-field","Andrea and Jessica",0,0,0
"N15","one","FOR43","FOR",1,274,75,"NR-08",1774.5,177.4,NA,NA,"plot_2","KSR-field","Andrea and Jessica",0,11,0
"M12","one","FZ24","FZ",1,140,65,"NR-09",691.9,107.9,NA,NA,"plot_2","KSR-field","Andrea and Jessica",0,0,0
"E02","one","FOR26","FOR",1,2,10,"NR-15",5.2,7.6,NA,NA,"plot_1","KSR-field","Grant",0,0,0
"L02","one","FOR43","FOR",1,269,136,"NR-17",NA,NA,NA,NA,"plot_2","KSR-field","Grant",0,0,0
"A02","one","KA24","KA",1,86,50,"NR-19",209.4,98.6,NA,NA,"plot_2","KSR-field","Grant",0,0,0
"H10","two","FZ19","FZ",1,6,3,"NR-21",14.2,3.6,NA,NA,"plot_1","KSR-field","Jingqi Hao",0,0,0
"G16","one","HTR25","HTR",1,21,13,"NR-22",21.7,5.1,NA,NA,"plot_1","KSR-field","Madeline",0,0,0
"I04","two","FOR26","FOR",1,7,13,"NR-23",5.3,3.5,NA,NA,"plot_1","KSR-field","Madeline",0,0,0
"C06","two","HTR30","HTR",1,2,5,"NR-25",4.8,3.6,NA,NA,"plot_1","KSR-field","Madeline",0,0,0
"D02","two","FOR26","FOR",1,6,1,"NR-26",6.7,1.3,NA,NA,"plot_1","KSR-field","Madeline",0,0,0
"F07","one","HTR25","HTR",1,29,17,"NR-28",56.8,16.1,NA,NA,"plot_1","KSR-field","Madeline",0,0,0
"I07","one","WT30","WT",1,1,2,"NR-29",15.5,3.3,NA,NA,"plot_1","KSR-field","Madeline",0,0,0
"J10","one","RBE38","RBE",1,26,5,"NR-30",115.9,15.2,NA,NA,"plot_1","KSR-field","Madeline",0,0,0
"J13","one","AC20","AC",1,20,52,"NR-31",64,20,NA,NA,"plot_1","KSR-field","Madeline",0,0,0
"P02","two","FOR15","FOR",1,6,17,"NR-32",15.9,8.7,NA,NA,"plot_1","KSR-field","Madeline",0,0,0
"R11","one","HTR25","HTR",1,11,7,"NR-34",10.8,3.3,NA,NA,"plot_1","KSR-field","Madeline",0,0,0
"N08","two","FZ17","FZ",1,0,6,"NR-35",NA,NA,NA,NA,"plot_2","KSR-field","Madeline",0,9,0
"K05","two","DU17","DU",1,9,7,"NR-40",NA,NA,NA,NA,"plot_3","KSR-field","Monika",0,0,0
"M18","two","HTR25","HTR",1,NA,12,"NR-42",NA,NA,NA,NA,"plot_2","KSR-field","not recorded",0,0,0
"M13","one","DE15","DE",1,24,22,"NR-48",18.8,81.5,NA,NA,"plot_1","KSR-field","Rebecca",0,0,0
"Q04","two","RBE17","RBE",1,4,14,"NR-49",3.6,2.5,NA,NA,"plot_1","KSR-field","Samriti",0,0,0
"K03","two","RBE34","RBE",1,67,18,"NR-50",220.1,22.1,NA,NA,"plot_1","KSR-field","Samriti",0,0,0
"Q17","two","FZ17","FZ",1,6,9,"NR-51",5.4,5.2,NA,NA,"plot_1","KSR-field","Samriti",0,0,0
"J01","two","AC15","AC",1,90,22,"NR-52",NA,NA,NA,NA,"plot_2","KSR-field","Samriti",2,3,1
"P10","one","DE15","DE",1,5,14,"NR-54",19.9,6.7,NA,NA,"plot_1","KSR-field","Samriti",0,0,0
"D07","one","DE7","DE",1,1,6,"NR-56",19.3,9.4,NA,NA,"plot_1","KSR-field","Simran",0,0,0
"O09","one","DU4","DU",1,12,18,"NR-57",34.3,16.3,NA,NA,"plot_1","KSR-field","Simran",0,0,0
"R07","two","WR40a","WR",1,3,7,"NR-58",3.7,5,NA,NA,"plot_1","KSR-field","Simran",0,0,0
"P07","one","AC20","AC",1,18,12,"NR-59",24.5,11.9,NA,NA,"plot_1","KSR-field","Simran",0,0,0
"F03","two","RBE17","RBE",1,1,7,"NR-60",7.7,7.6,NA,NA,"plot_1","KSR-field","Simran",0,0,0
"F16","one","DU4","DU",1,22,16,"NR-61",59.8,12.6,NA,NA,"plot_1","KSR-field","Steffi",0,0,0
"J09","one","HTR25","HTR",1,82,22,"NR-62",NA,NA,NA,NA,"plot_2","KSR-field","Steffi",4,5,1
"K10","one","KA16","KA",1,157,69,"NR-63",639.3,127,NA,NA,"plot_2","KSR-field","Steffi",2,4,1
"E10","one","HTR1","HTR",1,71,44,"NR-64",363.3,80.8,NA,NA,"plot_1","KSR-field","Steffi",0,0,0
"C09","one","HTD2","HTD",1,123,45,"NR-65",NA,NA,NA,NA,"plot_2","KSR-field","Steffi",3,21,1
"D19","two","HTR1","HTR",1,51,2,"NR-66",NA,NA,NA,NA,"plot_2","KSR-field","Steffi",0,0,0
"E12","one","HTR1","HTR",1,15,26,"NR-67",53.5,16.7,NA,NA,"plot_2","KSR-field","Steffi",0,0,0
"N14","one","HTR25","HTR",1,121,16,"NR-68",311.2,50.9,NA,NA,"plot_2","KSR-field","Steffi",0,0,0
"F05","one","KA16","KA",1,122,8,"NR-69",NA,NA,NA,NA,"plot_2","KSR-field","Steffi",7,3,1
"H03","one","KA24","KA",1,64,10,"NR-70",14.5,8.6,NA,NA,"plot_3","KSR-field","Steffi",0,0,0
"J16","one","RBE34","RBE",1,19,11,"NR-71",122.2,18.6,NA,NA,"plot_1","KSR-field","Simran",0,0,0
"Q02","two","RBE38","RBE",1,3,10,"NR-73",15.3,10.1,NA,NA,"plot_1","KSR-field","Grant",0,0,0
"B19","two","HTR25","HTR",1,45,6,"NR-74",62.7,15.6,NA,NA,"plot_2","KSR-field","Grant",0,0,0
"E06","one","HTR1","HTR",1,114,79,"NR-76",358.2,159.4,NA,NA,"plot_3","KSR-field","Steffi",0,0,0
"G12","two","FOR26","FOR",1,37,7,"NR-77",56.6,22.8,NA,NA,"plot_3","KSR-field","Andrea and Jessica",0,0,0
"G15","two","WT30","WT",1,32,7,"NR-78",121.7,21.6,NA,NA,"plot_3","KSR-field","Steffi",0,0,0
"G17","two","HTD28","HTD",1,101,10,"NR-79",387.8,38.6,NA,NA,"plot_3","KSR-field","Andrea and Jessica",0,0,0
"I18","two","RBE38","RBE",1,71,24,"NR-80",NA,NA,NA,NA,"plot_3","KSR-field","Grant",0,0,0
"I18","two","RBE38","RBE",1,29,19,"NR-81",70.4,8.8,NA,NA,"plot_3","KSR-field","Samriti",0,0,0
"K11","two","FOR15","FOR",1,13,8,"NR-82",24.9,8,NA,NA,"plot_3","KSR-field","Madeline",0,0,0
